"]O ONTO ja:オントロジー;Ontology",,,"\スプレッドシートの読み方については https://docs.google.com/document/d/1YuvtDzIboIZSPXJBeIgzqvAkamRyEXJsaNsGLzefjtw/edit?tab=t.0#heading=h.gjdgxs を参照。
最左のシートが有効。他のシートは過去の版。",,,,,,,,,
"ONTO ja:オントロジー;Ontology","onto0)0(1 ja:名前;name|||[]","string",,,,,,,,,,
,"onto1(1 ja:短縮名;abberv name","string",,,,,,,,,,
,"onto2)0(1 ja:説明;explanation","string",,,,,,,,,,
,"onto4(1 ja:画像;image","mmdata",,,,,,,,,,
,"ONTO1 ja:クラス;Class|%||[%onto0]","ontoID=1 ontoID","string",,,,,,,,,
,,"onto5 ja:属性指定;prop spec|||([])","ONTO4 ja:属性指定;Property Spec|%||[%onto0]","ontoA=1 ja:属性本体;prop body|||[]","ONTO3 ja:属性;Property|%||[%onto0]","ontoID=1",,,,,,
,,,,,,"onto8)0(1 ja:書式;format","ONTO8 ja:書式;Format","onto80)0(1 ja:接頭辞;prefix","string","\接頭辞が""(""、接中辞が"",""、接尾辞が"")""、属性値が""A""と""B""のときは""(A,B)""と表示",,
,,,,,,,,"onto81)0(1 ja:接中辞;infix","string",,,
,,,,,,,,"onto82)0(1 ja:接尾辞;postfix","string",,,
,,,,,,"onto32=1 ja:値;value|||[]","ONTO0 ja:値;Value","ONTO1 ja:クラス;Class",,,,
,,,,,,,,"ONTO02 ja:リテラル;Literal","ontoFMT ja:書式;format","ONTOfmt ja:書式;Format","onto80)0(1 ja:接頭辞","\リテラルの入力フィールドの中の書式"
,,,,,,,,,,,"onto82)0(1 ja:接尾辞",
,,,,,,,,,"ONTO20 ja:整数;Integer||| {[%onto200]~}{~[%onto201]}","onto200(1 ja:最小;min","integer",
,,,,,,,,,,"onto201(1 ja:最大;max","integer",
,,,,,,,,,,"onto202(1 ja:デフォルト;default","integer",
,,,,,,,,,"ONTO26 ja:正整数;Positive Integer||| {[%onto260]~}{~[%onto261]}","onto260(1 ja:最小;min","positiveInteger",
,,,,,,,,,,"onto261(1 ja:最大;max","positiveInteger",
,,,,,,,,,,"onto262(1 ja:デフォルト;default","positiveInteger",
,,,,,,,,,"ONTO27 ja:非負整数;Non-Negative Integer||| {[%onto270]~}{~[%onto271]}","onto270(1 ja:最小;min","nonNegativeInteger",
,,,,,,,,,,"onto271(1 ja:最大;max","nonNegativeInteger",
,,,,,,,,,,"onto272(1 ja:デフォルト;default","nonNegativeInteger",
,,,,,,,,,"ONTO21 ja:十進数;Decimal||| {[%onto210]~}{~[%onto211]}","onto210(1 ja:最小;min","decimal",
,,,,,,,,,,"onto211(1 ja:最大;max","decimal",
,,,,,,,,,,"onto212(1 ja:デフォルト;default","decimal",
,,,,,,,,,"ONTO22 ja:文字列;String||| {[%onto220]~}{~[%onto221]}","onto220(1 ja:最短;shortest","integer",
,,,,,,,,,,"onto221(1 ja:最長;longest","integer",
,,,,,,,,,,"onto222(1 ja:デフォルト;default","string",
,,,,,,,,,"ONTO23 ja:日時;DateTime||| {[%onto230]~}{~[%onto231]}","onto230(1 ja:最古;earliest","dateTime",
,,,,,,,,,,"onto231(1 ja:最新;latest","dateTime",
,,,,,,,,,,"onto232(1 ja:デフォルト;default","dateTime",
,,,,,,,,,"ONTO24 ja:日付;Date||| {[%onto240]~}{~[%onto241]}","onto240(1 ja:最古;earliest","date",
,,,,,,,,,,"onto241(1 ja:最新;latest","date",
,,,,,,,,,,"onto242(1 ja:デフォルト;default","date",
,,,,,,,,,"ONTO25 ja:時刻;Time||| {[%onto250]~}{~[%onto251]}","onto250(1 ja:最古;earliest","time",
,,,,,,,,,,"onto251(1 ja:最新;latest","time",
,,,,,,,,,,"onto252(1 ja:デフォルト;default","time",
,,,,,,"onto33 ja:下位属性;subprop","ONTO3 ja:属性;Property",,,,,
,,,,,,"onto34(1 ja:集まりの種類;collection type","_onto340 ja:列;ordered",,,,,
,,,,,,,"_onto341! ja:多重集合;multiset",,,,,
,,,,,,,"_onto342 ja:集合;set",,,,,
,,,,,,"onto35(1 ja:部分的;partial","boolean!false","\偽なら完全(書かれている値で全部)",,,,
,,,,"onto30)0(1 ja:最小;minOccurrence","nonNegativeInteger",,,,,,,
,,,,"onto31)0(1 ja:最大;maxOccurrence","nonNegativeInteger",,,,,,,
,,"ontoD(1 ja:時間長;duration","duration",,,,,,,,,
,,"onto10 ja:下位クラス;subclass","ONTO1",,,,,,,,,
,,"builtInFunction(1 ja:組込関数;built-in fuction","string",,,,,,,,,
,,"compensatesWith=1 ja:補償;compensates with","ONTO1",,,,,,,,,
,"ONTO3 ja:属性",,,,,,,,,,,
,"ONTO8 ja:書式",,,,,,,,,,,
,"ONTOfmt ja:書式",,,,,,,,,,,
,"ONTOr ja:限定;Restriction","ontoRU)1 ja:単位限定;unit restriction","ONTOru ja:単位限定;Unit Restriction","ontoR00)1 ja:対象;restricted","ONTO1","\アクセス可能なワークプレース(現在のワークプレースとontoが指すワークプレース)の中のクラスと属性",,,,,,
,,,,,"ONTO3",,,,,,,
,,,,"ontoR01)1 ja:限定方法;restriction mode","_ontoR0 ja:メニュー;menu||ja:入力不可","\R",,,,,,
,,,,,"_ontoR1 ja:非入力;no input||ja:メニューにグレーで表示し選択(入力)不可;gray in menu and unselectable","\h",,,,,,
,,,,,"_ontoR2 ja:非入力+;no input+||ja:メニューに表示せず下位クラス/属性は「入力可」の場合のみメニューに表示","\H",,,,,,
,,,,,"_ontoR3 ja:入力;input","\i",,,,,,
,,,,,"_ontoR4 ja:入力+;input+","\I",,,,,,
,,,,,"_ontoR5 ja:編集;edit","\e 他者が作ったアイテムを編集できる",,,,,,
,,,,,"_ontoR6 ja:編集+;edit+","\E",,,,,,
,,,,,"_ontoRd ja:作成;make","\m 他者が作ったアイテムに属性を付加できる; タスク中のコメントなどタシャ",,,,,,
,,,,,"_ontoRe ja:作成+;make+","\M",,,,,,
,,,,,"_ontoR7 ja:表示;show","\y",,,,,,
,,,,,"_ontoR8 ja:表示+;show+","\Y",,,,,,
,,,,,"_ontoR9 ja:非表示;hide","\n",,,,,,
,,,,,"_ontoRa ja:非表示+;hide+","\N",,,,,,
,,,,,"_ontoRb ja:トップレベル非表示;top-level hide||ja:タイムラインとグラフに表示しない;hide from timeline and graph","\t",,,,,,
,,,,,"_ontoRc ja:トップレベル非表示+;top-level hide+","\T",,,,,,
,"ONTO2 ja:ワークプレース;Workplace","onto)0 ja:ワークプレース;workplace","ONTO2 ja:ワークプレース;Workplace","\ワークプレース作成者がアクセスできる既存のワークプレース",,,,,,,,
,,"onto6)0 ja:クラス;class","ONTO1 ja:クラス;Class","\新規作成するクラスまたは作成者がアクセスできる既存のクラス",,,,,,,,
,,"onto3)0 ja:属性;prop",,"\新規作成する属性または作成者がアクセスできる既存の属性",,,,,,,,
,,"ontoR)0 ja:限定;restriction","ONTOr ja:限定",,,,,,,,,
,,"onto7)0 ja:ルール;rule","Template ja:ルール;Rule||ja:内部グラフがホーン節の本体。属性のminOccurrenceを無視、変数を導入、既存情報(入力)と他の区別;Internal graph is Horn clause body, which ignores minOccurrence of properties, contains variables, and distinguishes between existing and other info.","Atom ja:アトムノード;Atom Node||ja:onto7属性かontoG属性の値である場合はホーン節の頭部、その内部グラフにおいてはホーン節の本体のアトムノード;the head of a Horn clause when it is the value of onto7 attribute, and an atom node in the body of a Horn clause when it is in the internal graph of its head","once(1 once","boolean!false",,,,,,
,,,,,"truthValue(1 ja:真偽値;truth value","boolean","\未定なら値なし。持つのは Task と Constraint だけ。エンジンが書き、ユーザは書けない",,,,,
,,,,,"Task ja:タスク;Task","agent(1 ja:担当者;agent","Person ja:人;Person",,,,,
,,,,,,"okButton(1 ja:OKボタン;OK button","_ok! ja:OK;OK","\agent を持つタスクだけが持つ。担当者の属性を持たないタスクは実行すれば誤り（追記R511・R552）",,,,
,,,,,,,"_suspendingOk ja:中断のあるOK;suspending OK",,,,,
,,,,,,,"_noOk ja:OKなし;no OK",,,,,
,,,,,,"existing(1 ja:既存;existing","_true ja:真;true","\refersTo と同じ意味で向きが逆：existing はノードの側に、refersTo はリンクの側に書く。どちらも作らず既にあるものを検索する（追記R549）",,,,
,,,,,,,"_latest ja:最新;latest","\_true は検索する、_latest はパターンに当たる候補のうち完成した時刻がいちばん新しい1件だけを検索する（同時刻は決まった順）。書かなければ検索しない。埋め込みの位置（refersTo の値）でも書ける（追記R563）",,,,
,,,,,,"inChannel(1 ja:チャネル;in channel","ONTOc1","\チャネルのレコードになるのはタスクだけ",,,,
,,,,,,"Cancelable ja:取消可能タスク;Cancelable Task","TaskAccess TaskAccess","channel=1 ja:チャネル;channel","ONTOc1 ja:チャネル;Channel",,,
,,,,,,,,"task=1 ja:タスク;task","ONTO1",,,
,,,,,,,,"taskAgent)1 ja:タスク担当者;task agent","TaskPrincipal ja:利用主体;Task Principal","Person",,
,,,,,,,,,,"Post ja:役職;Post",,
,,,,,,,,,,"Group ja:グループ;Group",,
,,,,,,,,"taskUser)0 ja:タスク利用者;task user","TaskPrincipal",,,
,,,,,,"Compensable ja:補償可能タスク;Compensable Task",,,,,,
,,,,,,"Incompensable ja:補償不能タスク;Incompensable Task",,,,,,
,,,,,"Constraint ja:制約;Constraint","field)0 ja:欄;field","Field  ja:欄;Field","fieldArgument=1 ja:引数;argument","ONTO3",,,
,,,,,,,,"fieldNode=1 ja:ノード;node",,,,
,,,,,,,,"fieldProperty=1 ja:属性;property","ONTO3",,,
,,,,,,"Equal =","| builtInFunction","equal",,,,
,,,,,,"GreaterEqual ≧","| builtInFunction","greaterEqual",,,,
,,,,,,"GreaterThan >","| builtInFunction","greaterThan",,,,
,,,,,,"Times ×","| builtInFunction","times",,,,
,,,,,,"Plus +","| builtInFunction","plus",,,,
,,,,,,"Divide ÷","| builtInFunction","divide",,,,
,,,,,,"SubsetOf ⊆","| builtInFunction","subsetOf",,,,
,,,,,"OtherAtom ja:他の要素式;Other Atomic Formula","TaskAgent TaskAgent","channel=1",,,,,
,,,,,,,"task=1",,,,,
,,,,,,,"person=1 ja:人;person","Person",,,,
,,,,"isComplete(1 ja:完成;is complete","\complete・completeByOkButton・completeOrSuspendByOkButton の上位。1個以下なので、どれか1つしか持てない（追記249）",,,,,,,
,,,,,"complete(1 ja:完成;complete","boolean","\OK ボタンを持たないノード。エンジンが書く",,,,,
,,,,,"completeByOkButton(1 ja:OKによる完成;complete by OK button","CompletionValue ja:完成の値;Completion Value","Person","\OK ボタンを持つノード。値は押した人（Person）・真（_true）・偽（_false）。エンジンが書き、ユーザは OK ボタンで押す",,,,
,,,,,,,"_true ja:真;true",,,,,
,,,,,,,"_false ja:偽;false",,,,,
,,,,,"completeOrSuspendByOkButton(1 ja:OK・中断OKによる完成;complete or suspend by OK button","CompletionValue","\中断の OK ボタンを持つノード",,,,,
,,,,"completedAt(1 ja:完成時刻;completed at","dateTime","\完成した時刻。完成の印（complete・completeByOkButton）が真か押した人になったときに、作り・編集する側が書き、引き戻しで消す。existing: _latest が比べる（追記R564）",,,,,,
,,"ontoC)0 ja:チャネル設定;channel setting","ONTOc ja:チャネル設定;Channel Setting","onto0=1",,,,"\ワークプレース(ONTO2のインスタンス)がチャネル設定を含むことにより、ワークプレースを開示すればチャネル設定も開示される。",,,,
,,,,"ontoG)0 ja:ゴール;goal","Task","\ゴール節(の頭部。内部グラフが本体)",,,,,,
,,,,"ontoER)0 ja:有効限定;effective restriction||ja:既存の限定を参照;reference existing restriction","ONTOr ja:限定;Restriction",,,,,,,
,,,,"ontoCC)0 ja:チャネル作成者;channel creator","TaskPrincipal","\この設定のチャネルを作れる利用主体。書かなければ誰でも作れる（トークなど）。マスター（商品・取引先・予算合計など）には管理者を書く（追記R566）",,,,,,
,,"onto9)0 ja:レンダリング;rendering","REND GUI",,,,,,,,,
,"ONTOc ",,,,,,,,,,,
,"ONTOc1 ja:チャネル;Channel","ontoC=1",,,,,,,,,,
,,"channels)0 ja:子チャネル;child channel","ONTOc1",,,,,,,,,
,,"completeByOkButton(1",,,,,,,,,,
"Event","Template",,,,,,,,,,,
"GraphRelation","ControlRelation ja:制御関係;Control Relation","arg1=1",,,,,,,,,,
,,"arg2=1",,,,,,,,,,
,,"Next ja:次;Next",,,,,,,,,,
,,"Then then",,,,,,,,,,
,,"Else else",,,,,,,,,,
"refersTo ja:参照;refers to","agent","\existing と同じ意味で向きが逆：refersTo は別ノードに、existing はノード自身に書く（追記R549）",,,,,,,,,,
,"channel",,,,,,,,,,,
,"task",,,,,,,,,,,
,"taskAgent",,,,,,,,,,,
,"taskUser",,,,,,,,,,,
,"person",,,,,,,,,,,
,"inChannel",,,,,,,,,,,
"reusable ja:再利用可;reusable","onto32 ja:値","\同じ属性の既存の値を再利用可能? リテラル値の属性も?","\プロフィールアイテムの再利用も同様?",,,,,,,,,
,"onto3 ja:属性",,,,,,,,,,,
,"onto8 ja:書式",,,,,,,,,,,
,"ontoFMT ja:書式",,,,,,,,,,,
"reuse ja:再利用;reuse||ja:新規作成不可;no creation","onto ja:ワークプレース","\値域が重なる他の属性の値を再利用",,,,,,,,,,
,"ontoR00 ja:対象",,,,,,,,,,,
,"ontoER ja:有効限定",,,,,,,,,,,
,"ontoEC ja:有効ルール",,,,,,,,,,,
"]R ONTO ja:オントロジー;Ontology",,,,,,,,,,,,
"ontoID h",,,,,,,,,,,,
"Next i",,,,,,,,,,,,
"Task I",,,,,,,,,,,,
"Constraint I",,,,,,,,,,,,
"existing n",,,,,,,,,,,,
"once n",,,,,,,,,,,,
"completeByOkButton h",,,,,,,,,,,,
"isComplete n",,,,,,,,,,,,
"complete n",,,,,,,,,,,,
"completeOrSuspendByOkButton n",,,,,,,,,,,,
"truthValue n",,,,,,,,,,,,
"okButton n",,,,,,,,,,,,
"completedAt h",,,,,,,,,,,,
