"]O Profile ja:プロフィール;Profile",,,,,,,,,,,,,,,,
"Event ja:事象;Event","Profile ja:プロフィール;Profile","begin=1 ja:日時;time","dateTime",,,,,,,,,,,,,
,,"end(1 ja:終了;end","dateTime",,,,,,,,,,,,,
,,"\cnt=0",,,,,,,,,,,,,,
,,"\disc3 vc|||[]","\string","\item tag",,,,,,,,,,,,
,,"Name ja:氏名;Name|%||ja:[%familyName] [%givenName] [%nameSuffix];zh:[%familyName] [%givenName] [%nameSuffix];ko:[%familyName] [%givenName] [%nameSuffix];[%givenName] [%middleName] [%familyName] [%nameSuffix]","\profilePublish=1",,,,,,,,,,,,,
,,,"familyName)0(1 ja:姓;family name","string",,,,,,,,,,,,
,,,"familyNameRuby(1 ja:姓フリガナ;family name ruby","string",,,,,,,,,,,,
,,,"middleName(1 ja:ミドルネーム;middle name","string",,,,,,,,,,,,
,,,"givenName=1 ja:名;given name","string",,,,,,,,,,,,
,,,"givenNameRuby(1 ja:名フリガナ;given name ruby","string",,,,,,,,,,,,
,,,"nameSuffix)0(1 ja:接尾辞;suffix","string",,,,,,,,,,,,
,,"Gender ja:性別;Sex|%|","gender=1 ja:性別;sex","_Male ja:男性;Male",,,,,,,,,,,,
,,,,"_Female ja:女性;Female",,,,,,,,,,,,
,,,,"_Other ja:その他;Other",,,,,,,,,,,,
,,"ABOBloodType ja:血液型;Blood Type","aboBloodType=1 ja:ABO型;ABO type","_BloodTypeA A",,,,,,,,,,,,
,,,,"_BloodTypeB B",,,,,,,,,,,,
,,,,"_BloodTypeO O",,,,,,,,,,,,
,,,,"_BloodType_AB AB",,,,,,,,,,,,
,,"Birth ja:誕生;Birth|||[%begin]","end=0","\Birth is subClassOf plr:Birth",,,,,,,,,,,,
,,"Death ja:死亡;Death|%||~[%begin]","end=0","\Death is subClassOf plr:Death",,,,,,,,,,,,
,,"Picture ja:画像;Picture| |","cnt=1",,,,,,,,,,,,,
,,,"\profilePublish=1",,,,,,,,,,,,,
,,"Nationality ja:国籍;Nationality","country)0(1 ja:国;country","_JP ja:日本;Japan",,,,,,,,,,,,
,,,,"_AF ja:アフガニスタン・イスラム共和国;Afghanistan",,,,,,,,,,,,
,,,,"_AX ja:オーランド諸島;Åland Islands",,,,,,,,,,,,
,,,,"_AL ja:アルバニア共和国;Albania",,,,,,,,,,,,
,,,,"_DZ ja:アルジェリア民主人民共和国;Algeria",,,,,,,,,,,,
,,,,"_AS ja:米領サモア;American Samoa",,,,,,,,,,,,
,,,,"_AD ja:アンドラ公国;Andorra",,,,,,,,,,,,
,,,,"_AO ja:アンゴラ共和国;Angola",,,,,,,,,,,,
,,,,"_AI ja:アンギラ;Anguilla",,,,,,,,,,,,
,,,,"_AQ ja:南極;Antarctica",,,,,,,,,,,,
,,,,"_AG ja:アンティグア・バーブーダ;Antigua and Barbuda",,,,,,,,,,,,
,,,,"_AR ja:アルゼンチン共和国;Argentina",,,,,,,,,,,,
,,,,"_AM ja:アルメニア共和国;Armenia",,,,,,,,,,,,
,,,,"_AW ja:アルバ;Aruba",,,,,,,,,,,,
,,,,"_AU ja:オーストラリア連邦;Australia",,,,,,,,,,,,
,,,,"_AT ja:オーストリア共和国;Austria",,,,,,,,,,,,
,,,,"_AZ ja:アゼルバイジャン共和国;Azerbaijan",,,,,,,,,,,,
,,,,"_BS ja:バハマ国;Bahamas",,,,,,,,,,,,
,,,,"_BH ja:バーレーン王国;Bahrain",,,,,,,,,,,,
,,,,"_BD ja:バングラデシュ人民共和国;Bangladesh",,,,,,,,,,,,
,,,,"_BB ja:バルバドス;Barbados",,,,,,,,,,,,
,,,,"_BY ja:ベラルーシ共和国;Belarus",,,,,,,,,,,,
,,,,"_BE ja:ベルギー王国;Belgium",,,,,,,,,,,,
,,,,"_BZ ja:ベリーズ;Belize",,,,,,,,,,,,
,,,,"_BJ ja:ベナン共和国;Benin",,,,,,,,,,,,
,,,,"_BM ja:バミューダ諸島;Bermuda",,,,,,,,,,,,
,,,,"_BT ja:ブータン王国;Bhutan",,,,,,,,,,,,
,,,,"_BO ja:ボリビア多民族国;Bolivia, Plurinational State of",,,,,,,,,,,,
,,,,"_BQ ja:ボネール、シント・ユースタティウスおよびサバ;Bonaire, Saint Eustatius and Saba",,,,,,,,,,,,
,,,,"_BA ja:ボスニア・ヘルツェゴビナ;Bosnia and Herzegovina",,,,,,,,,,,,
,,,,"_BW ja:ボツワナ共和国;Botswana",,,,,,,,,,,,
,,,,"_BV ja:ブーベ島;Bouvet Island",,,,,,,,,,,,
,,,,"_BR ja:ブラジル連邦共和国;Brazil",,,,,,,,,,,,
,,,,"_IO ja:英領インド洋地域;British Indian Ocean Territory",,,,,,,,,,,,
,,,,"_BN ja:ブルネイ・ダルサラーム国;Brunei Darussalam",,,,,,,,,,,,
,,,,"_BG ja:ブルガリア共和国;Bulgaria",,,,,,,,,,,,
,,,,"_BF ja:ブルキナファソ;Burkina Faso",,,,,,,,,,,,
,,,,"_BI ja:ブルンジ共和国;Burundi",,,,,,,,,,,,
,,,,"_KH ja:カンボジア王国;Cambodia",,,,,,,,,,,,
,,,,"_CM ja:カメルーン共和国;Cameroon",,,,,,,,,,,,
,,,,"_CA ja:カナダ;Canada",,,,,,,,,,,,
,,,,"_CV ja:カーボベルデ共和国;Cape Verde",,,,,,,,,,,,
,,,,"_KY ja:ケイマン諸島;Cayman Islands",,,,,,,,,,,,
,,,,"_CF ja:中央アフリカ共和国;Central African Republic",,,,,,,,,,,,
,,,,"_TD ja:チャド共和国;Chad",,,,,,,,,,,,
,,,,"_CL ja:チリ共和国;Chile",,,,,,,,,,,,
,,,,"_CN ja:中華人民共和国;China",,,,,,,,,,,,
,,,,"_CX ja:クリスマス島;Christmas Island",,,,,,,,,,,,
,,,,"_CC ja:ココス諸島;Cocos (Keeling) Islands",,,,,,,,,,,,
,,,,"_CO ja:コロンビア共和国;Colombia",,,,,,,,,,,,
,,,,"_KM ja:コモロ連合;Comoros",,,,,,,,,,,,
,,,,"_CG ja:コンゴ共和国;Congo",,,,,,,,,,,,
,,,,"_CD ja:コンゴ民主共和国;Congo, The Democratic Republic of the",,,,,,,,,,,,
,,,,"_CK ja:クック諸島;Cook Islands",,,,,,,,,,,,
,,,,"_CR ja:コスタリカ共和国;Costa Rica",,,,,,,,,,,,
,,,,"_CI ja:コートジボワール共和国;Côte d'Ivoire",,,,,,,,,,,,
,,,,"_HR ja:クロアチア共和国;Croatia",,,,,,,,,,,,
,,,,"_CU ja:キューバ共和国;Cuba",,,,,,,,,,,,
,,,,"_CW ja:キュラソー;Curaçao",,,,,,,,,,,,
,,,,"_CY ja:キプロス共和国;Cyprus",,,,,,,,,,,,
,,,,"_CZ ja:チェコ共和国;Czech Republic",,,,,,,,,,,,
,,,,"_DK ja:デンマーク王国;Denmark",,,,,,,,,,,,
,,,,"_DJ ja:ジブチ共和国;Djibouti",,,,,,,,,,,,
,,,,"_DM ja:ドミニカ国;Dominica",,,,,,,,,,,,
,,,,"_DO ja:ドミニカ共和国;Dominican Republic",,,,,,,,,,,,
,,,,"_EC ja:エクアドル共和国;Ecuador",,,,,,,,,,,,
,,,,"_EG ja:エジプト・アラブ共和国;Egypt",,,,,,,,,,,,
,,,,"_SV ja:エルサルバドル共和国;El Salvador",,,,,,,,,,,,
,,,,"_GQ ja:赤道ギニア共和国;Equatorial Guinea",,,,,,,,,,,,
,,,,"_ER ja:エリトリア国;Eritrea",,,,,,,,,,,,
,,,,"_EE ja:エストニア共和国;Estonia",,,,,,,,,,,,
,,,,"_ET ja:エチオピア連邦民主共和国;Ethiopia",,,,,,,,,,,,
,,,,"_FK ja:フォークランド(マルビナス)諸島;Falkland Islands (Malvinas)",,,,,,,,,,,,
,,,,"_FO ja:フェロー諸島;Faroe Islands",,,,,,,,,,,,
,,,,"_FJ ja:フィジー諸島共和国;Fiji",,,,,,,,,,,,
,,,,"_FI ja:フィンランド共和国;Finland",,,,,,,,,,,,
,,,,"_FR ja:フランス共和国;France",,,,,,,,,,,,
,,,,"_GF ja:フランス領ギアナ;French Guiana",,,,,,,,,,,,
,,,,"_PF ja:フランス領ポリネシア;French Polynesia",,,,,,,,,,,,
,,,,"_TF ja:フランス領極南諸島;French Southern Territories",,,,,,,,,,,,
,,,,"_GA ja:ガボン共和国;Gabon",,,,,,,,,,,,
,,,,"_GM ja:ガンビア共和国;Gambia",,,,,,,,,,,,
,,,,"_GE ja:グルジア;Georgia",,,,,,,,,,,,
,,,,"_DE ja:ドイツ連邦共和国;Germany",,,,,,,,,,,,
,,,,"_GH ja:ガーナ共和国;Ghana",,,,,,,,,,,,
,,,,"_GI ja:ジブラルタル;Gibraltar",,,,,,,,,,,,
,,,,"_GR ja:ギリシャ共和国;Greece",,,,,,,,,,,,
,,,,"_GL ja:グリーンランド;Greenland",,,,,,,,,,,,
,,,,"_GD ja:グレナダ;Grenada",,,,,,,,,,,,
,,,,"_GP ja:グアドループ島;Guadeloupe",,,,,,,,,,,,
,,,,"_GU ja:グアム;Guam",,,,,,,,,,,,
,,,,"_GT ja:グアテマラ共和国;Guatemala",,,,,,,,,,,,
,,,,"_GG ja:ガーンジー島;Guernsey",,,,,,,,,,,,
,,,,"_GN ja:ギニア共和国;Guinea",,,,,,,,,,,,
,,,,"_GW ja:ギニアビサウ共和国;Guinea-Bissau",,,,,,,,,,,,
,,,,"_GY ja:ガイアナ共和国;Guyana",,,,,,,,,,,,
,,,,"_HT ja:ハイチ共和国;Haiti",,,,,,,,,,,,
,,,,"_HM ja:ハード島・マクドナルド諸島;Heard Island and McDonald Islands",,,,,,,,,,,,
,,,,"_VA ja:バチカン市国;Holy See (Vatican City State)",,,,,,,,,,,,
,,,,"_HN ja:ホンジュラス共和国;Honduras",,,,,,,,,,,,
,,,,"_HK ja:香港特別行政区;Hong Kong",,,,,,,,,,,,
,,,,"_HU ja:ハンガリー共和国;Hungary",,,,,,,,,,,,
,,,,"_IS ja:アイスランド共和国;Iceland",,,,,,,,,,,,
,,,,"_IN ja:インド;India",,,,,,,,,,,,
,,,,"_ID ja:インドネシア共和国;Indonesia",,,,,,,,,,,,
,,,,"_IR ja:イラン・イスラム共和国;Iran, Islamic Republic of",,,,,,,,,,,,
,,,,"_IQ ja:イラク共和国;Iraq",,,,,,,,,,,,
,,,,"_IE ja:アイルランド;Ireland",,,,,,,,,,,,
,,,,"_IM ja:マン島;Isle of Man",,,,,,,,,,,,
,,,,"_IL ja:イスラエル国;Israel",,,,,,,,,,,,
,,,,"_IT ja:イタリア共和国;Italy",,,,,,,,,,,,
,,,,"_JM ja:ジャマイカ;Jamaica",,,,,,,,,,,,
,,,,"_JE ja:ジャージー島;Jersey",,,,,,,,,,,,
,,,,"_JO ja:ヨルダン・ハシミテ王国;Jordan",,,,,,,,,,,,
,,,,"_KZ ja:カザフスタン共和国;Kazakhstan",,,,,,,,,,,,
,,,,"_KE ja:ケニア共和国;Kenya",,,,,,,,,,,,
,,,,"_KI ja:キリバス共和国;Kiribati",,,,,,,,,,,,
,,,,"_KP ja:朝鮮民主主義人民共和国;Korea, Democratic People's Republic of",,,,,,,,,,,,
,,,,"_KR ja:大韓民国;Korea, Republic of",,,,,,,,,,,,
,,,,"_KW ja:クウェート国;Kuwait",,,,,,,,,,,,
,,,,"_KG ja:キルギス共和国;Kyrgyzstan",,,,,,,,,,,,
,,,,"_LA ja:ラオス人民民主共和国;Lao People's Democratic Republic",,,,,,,,,,,,
,,,,"_LV ja:ラトビア共和国;Latvia",,,,,,,,,,,,
,,,,"_LB ja:レバノン共和国;Lebanon",,,,,,,,,,,,
,,,,"_LS ja:レソト王国;Lesotho",,,,,,,,,,,,
,,,,"_LR ja:リベリア共和国;Liberia",,,,,,,,,,,,
,,,,"_LY ja:リビア;Libya",,,,,,,,,,,,
,,,,"_LI ja:リヒテンシュタイン公国;Liechtenstein",,,,,,,,,,,,
,,,,"_LT ja:リトアニア共和国;Lithuania",,,,,,,,,,,,
,,,,"_LU ja:ルクセンブルク大公国;Luxembourg",,,,,,,,,,,,
,,,,"_MO ja:マカオ(澳門)特別行政区;Macao",,,,,,,,,,,,
,,,,"_MK ja:マケドニア旧ユーゴスラビア共和国;Macedonia, the former Yugoslav Republic of",,,,,,,,,,,,
,,,,"_MG ja:マダガスカル共和国;Madagascar",,,,,,,,,,,,
,,,,"_MW ja:マラウイ共和国;Malawi",,,,,,,,,,,,
,,,,"_MY ja:マレーシア;Malaysia",,,,,,,,,,,,
,,,,"_MV ja:モルディブ共和国;Maldives",,,,,,,,,,,,
,,,,"_ML ja:マリ共和国;Mali",,,,,,,,,,,,
,,,,"_MT ja:マルタ共和国;Malta",,,,,,,,,,,,
,,,,"_MH ja:マーシャル諸島共和国;Marshall Islands",,,,,,,,,,,,
,,,,"_MQ ja:マルチニーク島;Martinique",,,,,,,,,,,,
,,,,"_MR ja:モーリタニア・イスラム共和国;Mauritania",,,,,,,,,,,,
,,,,"_MU ja:モーリシャス共和国;Mauritius",,,,,,,,,,,,
,,,,"_YT ja:マイヨット島;Mayotte",,,,,,,,,,,,
,,,,"_MX ja:メキシコ合衆国;Mexico",,,,,,,,,,,,
,,,,"_FM ja:ミクロネシア連邦;Micronesia, Federated States of",,,,,,,,,,,,
,,,,"_MD ja:モルドバ共和国;Moldova, Republic of",,,,,,,,,,,,
,,,,"_MC ja:モナコ公国;Monaco",,,,,,,,,,,,
,,,,"_MN ja:モンゴル国;Mongolia",,,,,,,,,,,,
,,,,"_ME ja:モンテネグロ;Montenegro",,,,,,,,,,,,
,,,,"_MS ja:モントセラト;Montserrat",,,,,,,,,,,,
,,,,"_MA ja:モロッコ王国;Morocco",,,,,,,,,,,,
,,,,"_MZ ja:モザンビーク共和国;Mozambique",,,,,,,,,,,,
,,,,"_MM ja:ミャンマー連邦;Myanmar",,,,,,,,,,,,
,,,,"_NA ja:ナミビア共和国;Namibia",,,,,,,,,,,,
,,,,"_NR ja:ナウル共和国;Nauru",,,,,,,,,,,,
,,,,"_NP ja:ネパール連邦民主共和国;Nepal",,,,,,,,,,,,
,,,,"_NL ja:オランダ王国;Netherlands",,,,,,,,,,,,
,,,,"_NC ja:ニューカレドニア;New Caledonia",,,,,,,,,,,,
,,,,"_NZ ja:ニュージーランド;New Zealand",,,,,,,,,,,,
,,,,"_NI ja:ニカラグア共和国;Nicaragua",,,,,,,,,,,,
,,,,"_NE ja:ニジェール共和国;Niger",,,,,,,,,,,,
,,,,"_NG ja:ナイジェリア連邦共和国;Nigeria",,,,,,,,,,,,
,,,,"_NU ja:ニウエ;Niue",,,,,,,,,,,,
,,,,"_NF ja:ノーフォーク島;Norfolk Island",,,,,,,,,,,,
,,,,"_MP ja:北マリアナ諸島;Northern Mariana Islands",,,,,,,,,,,,
,,,,"_NO ja:ノルウェー王国;Norway",,,,,,,,,,,,
,,,,"_OM ja:オマーン国;Oman",,,,,,,,,,,,
,,,,"_PK ja:パキスタン・イスラム共和国;Pakistan",,,,,,,,,,,,
,,,,"_PW ja:パラオ共和国;Palau",,,,,,,,,,,,
,,,,"_PS ja:西岸・ガザ(パレスチナ自治区);Palestinian Territory, Occupied",,,,,,,,,,,,
,,,,"_PA ja:パナマ共和国;Panama",,,,,,,,,,,,
,,,,"_PG ja:パプアニューギニア独立国;Papua New Guinea",,,,,,,,,,,,
,,,,"_PY ja:パラグアイ共和国;Paraguay",,,,,,,,,,,,
,,,,"_PE ja:ペルー共和国;Peru",,,,,,,,,,,,
,,,,"_PH ja:フィリピン共和国;Philippines",,,,,,,,,,,,
,,,,"_PN ja:ピトケアン諸島;Pitcairn",,,,,,,,,,,,
,,,,"_PL ja:ポーランド共和国;Poland",,,,,,,,,,,,
,,,,"_PT ja:ポルトガル共和国;Portugal",,,,,,,,,,,,
,,,,"_PR ja:プエルトリコ;Puerto Rico",,,,,,,,,,,,
,,,,"_QA ja:カタール国;Qatar",,,,,,,,,,,,
,,,,"_RE ja:レユニオン;Réunion",,,,,,,,,,,,
,,,,"_RO ja:ルーマニア;Romania",,,,,,,,,,,,
,,,,"_RU ja:ロシア連邦;Russian Federation",,,,,,,,,,,,
,,,,"_RW ja:ルワンダ共和国;Rwanda",,,,,,,,,,,,
,,,,"_BL ja:サンバルテルミー;Saint Barthélemy",,,,,,,,,,,,
,,,,"_SH ja:セントヘレナ・アセンション・トリスタンダクーニャ;Saint Helena, Ascension and Tristan da Cunha",,,,,,,,,,,,
,,,,"_KN ja:セントキッツ・ネービス;Saint Kitts and Nevis",,,,,,,,,,,,
,,,,"_LC ja:セントルシア;Saint Lucia",,,,,,,,,,,,
,,,,"_MF ja:サンマルタン;Saint Martin (French part)",,,,,,,,,,,,
,,,,"_PM ja:サンピエール島・ミクロン島;Saint Pierre and Miquelon",,,,,,,,,,,,
,,,,"_VC ja:セントビンセント・グレナディーン諸島;Saint Vincent and the Grenadines",,,,,,,,,,,,
,,,,"_WS ja:サモア独立国;Samoa",,,,,,,,,,,,
,,,,"_SM ja:サンマリノ共和国;San Marino",,,,,,,,,,,,
,,,,"_ST ja:サントメ・プリンシペ民主共和国;Sao Tome and Principe",,,,,,,,,,,,
,,,,"_SA ja:サウジアラビア王国;Saudi Arabia",,,,,,,,,,,,
,,,,"_SN ja:セネガル共和国;Senegal",,,,,,,,,,,,
,,,,"_RS ja:セルビア共和国;Serbia",,,,,,,,,,,,
,,,,"_SC ja:セーシェル共和国;Seychelles",,,,,,,,,,,,
,,,,"_SL ja:シエラレオネ共和国;Sierra Leone",,,,,,,,,,,,
,,,,"_SG ja:シンガポール共和国;Singapore",,,,,,,,,,,,
,,,,"_SX ja:シント・マールテン(オランダ領);Sint Maarten (Dutch part)",,,,,,,,,,,,
,,,,"_SK ja:スロバキア共和国;Slovakia",,,,,,,,,,,,
,,,,"_SI ja:スロベニア共和国;Slovenia",,,,,,,,,,,,
,,,,"_SB ja:ソロモン諸島;Solomon Islands",,,,,,,,,,,,
,,,,"_SO ja:ソマリア民主共和国;Somalia",,,,,,,,,,,,
,,,,"_ZA ja:南アフリカ共和国;South Africa",,,,,,,,,,,,
,,,,"_GS ja:南ジョージア島・南サンドイッチ諸島;South Georgia and the South Sandwich Islands",,,,,,,,,,,,
,,,,"_SS ja:南スーダン;South Sudan",,,,,,,,,,,,
,,,,"_ES ja:スペイン;Spain",,,,,,,,,,,,
,,,,"_LK ja:スリランカ民主社会主義共和国;Sri Lanka",,,,,,,,,,,,
,,,,"_SD ja:スーダン共和国;Sudan",,,,,,,,,,,,
,,,,"_SR ja:スリナム共和国;Suriname",,,,,,,,,,,,
,,,,"_SJ ja:スバールバル諸島・ヤンマイエン島;Svalbard and Jan Mayen",,,,,,,,,,,,
,,,,"_SZ ja:スワジランド王国;Swaziland",,,,,,,,,,,,
,,,,"_SE ja:スウェーデン王国;Sweden",,,,,,,,,,,,
,,,,"_CH ja:スイス連邦;Switzerland",,,,,,,,,,,,
,,,,"_SY ja:シリア・アラブ共和国;Syrian Arab Republic",,,,,,,,,,,,
,,,,"_TW ja:台湾;Taiwan",,,,,,,,,,,,
,,,,"_TJ ja:タジキスタン共和国;Tajikistan",,,,,,,,,,,,
,,,,"_TZ ja:タンザニア連合共和国;Tanzania, United Republic of",,,,,,,,,,,,
,,,,"_TH ja:タイ王国;Thailand",,,,,,,,,,,,
,,,,"_TL ja:東ティモール民主共和国;Timor-Leste",,,,,,,,,,,,
,,,,"_TG ja:トーゴ共和国;Togo",,,,,,,,,,,,
,,,,"_TK ja:トケラウ諸島;Tokelau",,,,,,,,,,,,
,,,,"_TO ja:トンガ王国;Tonga",,,,,,,,,,,,
,,,,"_TT ja:トリニダード・トバゴ共和国;Trinidad and Tobago",,,,,,,,,,,,
,,,,"_TN ja:チュニジア共和国;Tunisia",,,,,,,,,,,,
,,,,"_TR ja:トルコ共和国;Turkey",,,,,,,,,,,,
,,,,"_TM ja:トルクメニスタン;Turkmenistan",,,,,,,,,,,,
,,,,"_TC ja:タークス・カイコス諸島;Turks and Caicos Islands",,,,,,,,,,,,
,,,,"_TV ja:ツバル;Tuvalu",,,,,,,,,,,,
,,,,"_UG ja:ウガンダ共和国;Uganda",,,,,,,,,,,,
,,,,"_UA ja:ウクライナ;Ukraine",,,,,,,,,,,,
,,,,"_AE ja:アラブ首長国連邦;United Arab Emirates",,,,,,,,,,,,
,,,,"_GB ja:グレートブリテン・北アイルランド連合王国(英国);United Kingdom",,,,,,,,,,,,
,,,,"_US ja:アメリカ合衆国;United States of America",,,,,,,,,,,,
,,,,"_UM ja:米領小離島;United States Minor Outlying Islands",,,,,,,,,,,,
,,,,"_UY ja:ウルグアイ東方共和国;Uruguay",,,,,,,,,,,,
,,,,"_UZ ja:ウズベキスタン共和国;Uzbekistan",,,,,,,,,,,,
,,,,"_VU ja:バヌアツ共和国;Vanuatu",,,,,,,,,,,,
,,,,"_VE ja:ベネズエラ・ボリバル共和国;Venezuela, Bolivarian Republic of",,,,,,,,,,,,
,,,,"_VN ja:ベトナム社会主義共和国;Viet Nam",,,,,,,,,,,,
,,,,"_VG ja:英領バージン諸島;Virgin Islands, British",,,,,,,,,,,,
,,,,"_VI ja:米領バージン諸島;Virgin Islands, U.S.",,,,,,,,,,,,
,,,,"_WF ja:ワリス・フテュナ諸島;Wallis and Futuna",,,,,,,,,,,,
,,,,"_EH ja:西サハラ;Western Sahara",,,,,,,,,,,,
,,,,"_YE ja:イエメン共和国;Yemen",,,,,,,,,,,,
,,,,"_ZM ja:ザンビア共和国;Zambia",,,,,,,,,,,,
,,,,"_ZW ja:ジンバブエ共和国;Zimbabwe",,,,,,,,,,,,
,,,"prflID)0 ID||ja:マイナンバー、学籍番号、社員番号、法人番号など;national ID, member DI, enterprise ID, etc.|[]","string",,,,,,,,,,,,
,,"PersonalRelation ?","prflPerson=1 🙍||| []","Person ja:人🙍;Person🙍|🙍||[%prflName]{([%prflBirth%begin]~{[%prflDeath%begin]})}","prflName)0 ja:氏名;name|||[]","Name",,,,,,,,,,
,,,,,"prflGender)0 ja:性別;gender|%||[] ","Gender",,,,,,,,,,
,,,,,"prflABOBloodType)0 ja:血液型;blood type|%||[]","ABOBloodType",,,,,,,,,,
,,,,,"prflBirth)0(1 ja:誕生;birth|%||[] ","Birth",,,,,,,,,,
,,,,,"prflDeath(1 ja:死亡;death|||[] ","Death",,,,,,,,,,
,,,,,"prflPicture)0 ja:画像;picture|||[] ","Picture",,,,,,,,,,
,,,,,"prflNationality)0 ja:国籍;nationality|||[] ","Nationality",,,,,,,,,,
,,,,,"prflPersonalRelation)0 ja:配偶者/親/子/兄弟姉妹/扶養/友達;spouse/parent/child/sibling/support/friend|||([])","PersonalRelation",,,,,,,,,,
,,,,,"prflDesiredPersonalRelation ja:希望する配偶者/親/子/兄弟姉妹/扶養/友達;desired spouse/parent/child/sibling/support/friend|||ja:(希望する[]);(desired [])","CONDpersonalRelation ?","condPerson)0(1 ja:人🙍;person🙍|||[]","CONDperson 🙍|🙍||
ja:{[%condAge]歳 };{[%condAge]yo }","condAge)0(1 ja:年齢;age|||[]","CONDdecimal ja:十進数;Decimal| ||{[%condDecimalEq] }{≧[%condDecimalMore] }{≦[%condDecimalLess] }","condDecimalEq)0(1 =|||[]","decimal",,,,
,,,,,,,,,,,"condDecimalMore)0(1 ≧|||[]","decimal",,,,
,,,,,,,,,,,"condDecimalLess)0(1 ≦|||[]","decimal",,,,
,,,,,,,,,"condBirth)0(1 ja:誕生;birth|||[] ","CONDbirth ja:誕生;Birth",,,,,,
,,,,,,,,,"condGender)0 ja:性別;sex|||[]","CONDgender ja:性別;Sex|%","gender)1(2",,,,,
,,,,,,,,,"condNationality)0 ja:国籍;nationality|||[]","CONDnationality ja:国籍;Nationality","country)0",,,,,
,,,,,,,,,"condPersonalRelation)0 ja:配偶者/親/子/兄弟姉妹/扶養/友達;spouse/parent/child/sibling/support/friend|||([]) |","CONDpersonalRelation",,,,,,
,,,,,,,,,"condDesiredPersonalRelation ja:希望する配偶者/親/子/兄弟姉妹/扶養/友達;desired spouse/parent/child/sibling/support/friend|||([]) |","CONDpersonalRelation",,,,,,
,,,,,,,,,"condAffiliation)0 ja:自宅/学校/勤務/顧客;home/in school/work/customer|||([]) |","CONDaffiliation ?","condPlace)0(1 ja:場所🏠;place🏠|||[]","CONDplace ja:場所🏠;place🏠|🏠||[%condPlaceName] [%condAddr] [%condNationality] ","condPlaceName)0(1 ja:名称;name|%||[]","CONDplaceName ja:名称;name","stringVal=1 =|||[]","string"
,,,,,,,,,,,,,"condNationality)0",,,
,,,,,,,,,,,,,"condAddress)0 ja:住所;address|||[]","CONDaddress ja:住所;Address| ||ja:{〒[%postalCode]}[%addressRegion][%addressLocality][%streetAddress];[%streetAddress] [%addressLocality] [%addressRegion] [%postalCode]","postalCode)0(1 ja:郵便番号;postal code|||[]","string"
,,,,,,,,,,,,,,,"addressRegion)0(1 ja:都道府県州;region|||[]","string"
,,,,,,,,,,,,,,,"addressLocality)0(1 ja:市区郡;city/town|||[]","string"
,,,,,,,,,,,,,,,"streetAddress)0(1 ja:番地等;street|||[]","string"
,,,,,,,,,,,,,,,"room)0(1 ja:部屋番号;room number|||[]","string"
,,,,,,,,,,,,,,,"address(1 ja:住所;address||都道府県から部屋番号までをまとめたもの|[]","string"
,,,,,,,,,,,"condPosition)0 ja:ポジション;position| |ja:会社の職位や学校のクラスや学科や学会等の会員種別;position in company, class in school, etc.|[]","CONDposition ja:ポジション;Position| |","stringVal=1",,,
,,,,,,,,,,,"CONDhome ja:自宅;Home |",,,,,
,,,,,,,,,,,"CONDinSchool ja:学校;School |","schoolType)0 ja:種類;type||ja:併設型の中高一貫校は「中学校」と「高等学校」を選んで下さい;For combined junior high and high schools, select either “Junior High School” and “High School.”","_PRFLprimarySchool ja:小学校;Primary School",,,
,,,,,,,,,,,,,"_PRFLjuniorHighSchool ja:中学校;Junior High School",,,
,,,,,,,,,,,,,"_PRFLhighSchool ja:高等学校;High School",,,
,,,,,,,,,,,,,"_PRFLsecondarySchool ja:中等教育学校;Secondary School",,,
,,,,,,,,,,,,,"_PRFLuniversity ja:大学;University",,,
,,,,,,,,,,,,,"_PRFLgraduateSchool ja:大学院;Graduate School",,,
,,,,,,,,,,,,,"_PRFLjuniorCollege ja:短期大学;Junior College",,,
,,,,,,,,,,,,,"_PRFLtechnicalCollege ja:高等専門学校;Technical College",,,
,,,,,,,,,,,,,"_PRFLprofessionalTraininglCollege ja:専門学校;Professional Training College",,,
,,,,,,,,,,,,,"_PRFLmiscellaneousSchool ja:各種学校;Miscellaneous School",,,
,,,,,,,,,,,,,"_PRFLspecialSupportSchool ja:特別支援学校;Special Support School",,,
,,,,,,,,,,,"CONDwork ja:勤務;Work|","prflWork0=1 ja:雇用;employment","_PRFLwork00 ja:自営;Self-Employed",,,
,,,,,,,,,,,,,"_PRFLwork01! ja:被雇用;Employed",,,
,,,,,,,,,,,,"prflWork1=1 ja:勤務形態;work pattern","_PRFLwork10! ja:正規雇用;Regular Employment",,,
,,,,,,,,,,,,,"_PRFLwork11 ja:非正規雇用;Irregular Employment",,,
,,,,,,,,,,,,"prflWork2=1 ja:勤務時間;work hours","_PRFLwork20! ja:フルタイム;Full Time",,,
,,,,,,,,,,,,,"_PRFLwork21 ja:パートタイム;Part Time",,,
,,,,,,,,,,,,"prflWork3)0 ja:業務内容;work contents|||[]","string",,,
,,,,,,,,,,,"CONDcustomer ja:顧客;Customer||ja:企業の顧客、団体の会員など;customer of company, member of society, etc.",,,,,
,,,,,,,,,"condDesiredAffiliation ja:希望する自宅/学校/勤務/顧客;desired home/school/work/customer|||[]","CONDaffiliation",,,,,,
,,,,,,,,,"condCertificate)0 ja:証明書;certificate|||[]","CONDcertificate ja:証明書;Certificate|","cnt=1",,,,,
,,,,,,,,,"condRole)0 ja:役割;role|||[]","CONDrole ja:役割;Role|","cnt=1",,,,,
,,,,,,,,,"condSelfIntroduction)0 ja:自己紹介;self introduction|||[]","CONDselfIntroduction ja:自己紹介;Self Introduction|","prflCont=1 ja:内容;content|||[]","string",,,,
,,,,,,,,,"condDisease)0 ja:疾病;disease|||[]","CONDdisease ja:疾病;Disease|","prflType=1 ja:種類;type||| []","string",,,,
,,,,,,,,,"condInjury)0 ja:けが;injury|||[]","CONDinjury ja:けが;Injury|","prflType=1",,,,,
,,,,,,,,,"condAllergy)0 ja:アレルギー;Allergy|||[]","CONDallergy ja:アレルギー;Allergy|","prflType=1",,,,,
,,,,,,,,,"condVaccination)0 ja:予防接種;vaccination|||[]","CONDvaccination ja:予防接種;Vaccination |","prflType)1",,,,,
,,,,,,,,,"condHeight)0 ja:身長;height|||[]","CONDheight ja:身長;Height","condHeightVal=1 =|||[]cm","CONDdecimal",,,,
,,,,,,,,,"condWaist)0 ja:ウェスト周囲;waist|||[]","CONDwaist ja:ウェスト;Waist","condWaistVal=1 =|||[]cm","CONDdecimal",,,,
,,,,,,,,,"condWeight)0 ja:体重;weight|||[]","CONDweight ja:体重;Weight","condWeightVal=1 =|||[]kg","CONDdecimal",,,,
,,,,,,,,,"condBMI)0 BMI|||[]","CONDbMI BMI","condBMIVal=1 =|||[]","CONDdecimal",,,,
,,,,,,,,,"condBloodPressure)0 ja:血圧;blood pressure|||[]","CONDbloodPressure ja:血圧;Blood Pressure|||[%condEventTime]
[%condBloodPressureMax]/[%condBloodPressureMin]mmHg","condBloodPressureMaxVal=1 ja:最大;max|||[]","CONDdecimal",,,,
,,,,,,,,,,,"condBloodPressureMinVal=1 ja:最小;min|||[]","CONDdecimal",,,,
,,,,,,,,,"condRestingHeartRate)0 ja:安静時心拍数;resting heart rate|||[]","CONDrestingHeartRate ja:安静時心拍数;Resting Heart Rate","condRestingHeartRateVal=1 =|||ja:[]回/分;[] bpm","CONDdecimal",,,,
,,,,,,,,,"condFastingBloodSugar)0 ja:空腹時血糖;fasting blood sugar|||[]","CONDfastingBloodSugar ja:空腹時血糖;Fasting Blood Sugar","condFastingBSVal=1 =|||[]mg/dL","CONDdecimal",,,,
,,,,,,,,,"condBodyFatPct)0 ja:体脂肪率;body fat percentage|||[]","CONDbodyFatPct ja:体脂肪率;Percent Body Fat","condBodyFatPercentageVal=1 =|||[]%","CONDdecimal",,,,
,,,,,,,,,"condAvgSleepHours)0 ja:睡眠時間;sleep hours|||[]","CONDavgSleepHours ja:睡眠時間;Sleep Hours","condAvgSleepHoursVal=1 =|||ja:[]時間/日;[] hours/day","CONDdecimal",,,,
,,,,,,,,,"condNumTeeth)0 ja:歯の本数;number of teeth|||[]","CONDnumTeeth ja:歯の本数;Number of Teeth","condNumTeethVal=1 =|||[]","CONDdecimal",,,,
,,,,,,,,,"condStepLength)0 ja:歩幅;step length|||[]","CONDstepLength ja:歩幅;Step Length","condStepLengthVal=1 =|||[]cm","CONDdecimal",,,,
,,,,,,,,,"condWalkingRunningSpeed)0 ja:歩行走行速度;walk speed|||[]","CONDwalkingRunningSpeed ja:歩行走行速度;Walking Running Speed","condWalkingRunningSpeedVal=1 =|||ja:[]m/秒;[] m/sec","CONDdecimal",,,,
,,,,,,,,,"condStepCount)0 ja:歩数;step count|||[]","CONDstepCount ja:歩数;Step Count","condStepCountVal=1 =|||ja:[]/日;[]/day","CONDdecimal",,,,
,,,,,,,,,"condGripStrength)0 ja:握力;grip strength|||[]","CONDgripStrength ja:握力;Grip Strength","condGripStrengthVal=1 =|||[]kg","CONDdecimal",,,,
,,,,,,,,,"condMuscleTraining)0 ja:筋トレ;muscle training|||[]","CONDmuscleTraining ja:筋トレ;Muscle Training","condTimesPerWeekVal=1 =|||ja:[]回/週;[] times/week","CONDdecimal",,,,
,,,,,,,,,"condStretching)0 ja:ストレッチ;stretching|||[]","CONDstretching ja:ストレッチ;Stretching","condTimesPerWeekVal=1",,,,,
,,,,,,,,,"condBalanceExercise)0 ja:バランス運動;balance exercise|||[]","CONDbalanceExercise ja:バランス運動;Balance Exercise","condTimesPerWeekVal=1",,,,,
,,,,,,,,,"condSunBathing)0 ja:日光を浴びる時間;sunbathing time|||[]","CONDsunBathing ja:日光を浴びる時間","condHoursPerDayVal=1 =|||ja:[]時間/日;[] hours/day","CONDdecimal",,,,
,,,,,,,,,"condSmartphoneUse)0 ja:スマートフォン使用時間;smartphone use|||[]","CONDsmartphoneUse ja:スマートフォン使用時間;Smartphone Use Time","condHoursPerDayVal=1",,,,,
,,,,,,,,,"condPCuse)0 ja:PC使用時間;PC use|||[]","CONDpCuse ja:PC使用時間;PC Use","condHoursPerDayVal=1",,,,,
,,,,,,,,,"condSitting)0 ja:座っている時間;sitting time|||[]","CONDsitting ja:座っている時間;Sitting Time","condHoursPerDayVal=1",,,,,
,,,,,,,,,"condDrinking)0 ja:飲酒;drinking|||[]","CONDdrinking ja:飲酒;Drinking","condTimesPerWeekVal=1",,,,,
,,,,,,,,,"condSocialInteraction)0 ja:社会的交流;social interaction|||[]","CONDsocialInteraction ja:社会的交流;Social Interaction","condTimesPerWeekVal=1",,,,,
,,,,,,,,,"healthPurpose  ja:健康上の目的;health purpose|||[]",,,,,,,
,,,,,,,,,"healthStatus ja:健康状態;health status|||[]",,,,,,,
,,,,,,,,,"negativeHealthStatus ja:否定健康状態;negative heath status|||￢[]","_prflH",,,,,,
,,,,,,,,,"condInterestingCategory ja:興味のあるカテゴリ;interesting category|||[]","_PRFLserviceCategory",,,,,,
,,,,,,,"CONDspouse ja:配偶者;Spouse|",,,,,,,,,
,,,,,,,"CONDparent ja:親;Parent|",,,,,,,,,
,,,,,,,"CONDchild ja:子;Child|",,,,,,,,,
,,,,,,,"CONDsibling ja:兄弟姉妹;Sibling|",,,,,,,,,
,,,,,,,"CONDsupport ja:扶養;Support|",,,,,,,,,
,,,,,,,"CONDfriend ja:友達;Friend|",,,,,,,,,
,,,,,"prflAffiliation)0 ja:自宅/学校/勤務/顧客;home/school/work/customer|||([]) ","Affiliation ?","prflPlace=1 ja:場所🏠;place🏠|||[]","Place ja:場所🏠;Place🏠|🏠||ja: {[%prflPlaceName] }{[%prflAddress] }{[%prflTelephone] }{[%prflFax] }{[%prflEmail] }{[%prflURL] }{[%prflNationality]};{[%prflPlaceName] }{[%prflAddress] }{[%prflTelephone] }{[%prflFax] [%prflEmail] }{[%prflURL] }{[%prflNationality]}","prflPlaceName)0 ja:名称;name|||[]","PlaceName ja:名称;name|%","stringVal=1 =|||[]","string",,,,
,,,,,,,,,"prflPicture)0",,,,,,,
,,,,,,,,,"prflNationality)0",,,,,,,
,,,,,,,,,"prflAddress)0 ja:住所;address|||[]","Address ja:住所;Address|%||ja:{〒[%postalCode] }[%addressRegion][%addressLocality][%streetAddress];[%streetAddress] [%addressLocality] [%addressRegion] [%postalCode]","postalCode)0(1 ja:郵便番号;postal code|||[]","string",,,,
,,,,,,,,,,,"addressRegion)0(1 ja:都道府県州;region|||[]","string",,,,
,,,,,,,,,,,"addressLocality)0(1 ja:市区郡;city/town|||[]","string",,,,
,,,,,,,,,,,"streetAddress)0(1 ja:番地等;street|||[]","string",,,,
,,,,,,,,,,,"room)0(1 ja:部屋番号;room number|||[]","string",,,,
,,,,,,,,,,,"address(1 ja:住所;address||都道府県から部屋番号までをまとめたもの|[]","string",,,,
,,,,,,,,,"prflTelephone)0 ja:電話番号;phone number|||[]","Telephone ja:電話;Phone|%","stringVal=1",,,,,
,,,,,,,,,"prflFax)0 fax|||[]","Fax Fax|%","stringVal=1",,,,,
,,,,,,,,,"prflEmail)0 ja:電子メール;email|||[]","Email ja:電子メール;email|%","stringVal=1",,,,,
,,,,,,,,,"prflURL)0 URL|||[]","URL URL|%","stringVal=1",,,,,
,,,,,,,,,"prflRole)0 ja:役割;role|||[]","Role ja:役割;Role|%||[%cnt]","cnt=1",,,,,
,,,,,,,"prflTelephone)0",,,,,,,,,
,,,,,,,"prflEmail)0",,,,,,,,,
,,,,,,,"prflURL)0",,,,,,,,,
,,,,,,,"prflID)0(1",,,,,,,,,
,,,,,,,"prflPosition)0 ja:ポジション;position| |ja:会社の職位や学校のクラスや学科や学会等の会員種別;position in company, class in school, etc.|[]","Position ja:ポジション;Position| |","stringVal=1",,,,,,,
,,,,,,,"Home ja:自宅;Home",,,,,,,,,
,,,,,,,"InSchool ja:学校;School","schoolType)0",,,,,,,,
,,,,,,,,"endSchool)0(1 ja:状態;status","_PRFLgraduation! ja:卒業・修了;Graduated/Completed",,,,,,,
,,,,,,,,,"_PRFLwithdrawal ja:中途退学;Dropout",,,,,,,
,,,,,,,,,"_PRFLexpulsion ja:除籍・除名;Expelled",,,,,,,
,,,,,,,,,"_PRFLtransfer ja:転校;Transfered",,,,,,,
,,,,,,,"Work ja:勤務;Work","prflWork0=1",,,,,,,,
,,,,,,,,"prflWork1=1",,,,,,,,
,,,,,,,,"prflWork2=1",,,,,,,,
,,,,,,,,"prflWork3)0",,,,,,,,
,,,,,,,"Customer ja:顧客;Customer||ja:企業の顧客、団体の会員など;customer of company, member of society, etc.",,,,,,,,,
,,,,,"prflDesiredAffiliation ja:希望する自宅/学校/勤務/顧客;desired home/school/work/customer|||ja:(希望する[]);(desired [])","CONDaffiliation",,,,,,,,,,
,,,,,"prflTelephone)0 ja:電話番号;phone number|||[]","Telephone",,,,,,,,,,
,,,,,"prflFax fax|||[]","Fax",,,,,,,,,,
,,,,,"prflEmail)0 ja:電子メール;email|||[]","Email",,,,,,,,,,
,,,,,"prflURL)0 URL|||[]","URL",,,,,,,,,,
,,,,,"prflPlrID plr-id|||[]","string",,,,,,,,,,
,,,,,"prflCertificate)0 ja:証明書;certificate|||[] ","Certificate ja:証明書;Certificate","cnt=1",,,,,,,,,
,,,,,"prflRole)0",,,,,,,,,,,
,,,,,"prflSelfIntroduction)0 ja:自己紹介;self introduction|||[] ","SelfIntroduction ja:自己紹介;Self Introduction| |","prflCont=1",,,,,,,,,
,,,,,"prflDisease ja:疾病;Disease|||[]","Disease ja:疾病;Disease| |","prflType=1",,,,,,,,,
,,,,,"prflInjury ja:けが;injury|||[] ","Injury ja:けが;Injury| |","prflType=1",,,,,,,,,
,,,,,"prflAllerty ja:アレルギー;Allergy|||[]","Allergy ja:アレルギー;Allergy| |","prflType=1",,,,,,,,,
,,,,,"prflVaccination ja:予防接種;vaccination|||[]","Vaccination ja:予防接種;Vaccination","end=0",,,,,,,,,
,,,,,,,"prflType)1",,,,,,,,,
,,,,,"prflHeight ja:身長;height|||[] ","Height ja:身長;Height| |","heightVal=1 =|||[]cm","decimal>10<300",,,,,,,,
,,,,,"prflWaist ja:ウェスト周囲;waist|||[]","Waist ja:ウェスト周囲;Waist","waistVal=1 =|||[]cm","decimal>30<200",,,,,,,,
,,,,,"prflWeight ja:体重;weight|||[] ","Weight ja:体重;Weight| |","weightVal=1 =|||[]kg","decimal>0<300",,,,,,,,
,,,,,"prflBMI BMI|||[]","BMI BMI","bmiVal=1 =|||[]","decimal>5<80",,,,,,,,
,,,,,"prflBloodPressure ja:血圧;blood pressure|||[]","BloodPressure ja:血圧;Blood Pressure|||
[%bloodPressureMax]/[%bloodPressureMin]mmHg","bloodPressureMaxVal=1 ja:最大;max|||[]mmHg","integer>40<300",,,,,,,,
,,,,,,,"bloodPressureMinVal=1 ja:最小;min|||[]mmHg","integer>30<300",,,,,,,,
,,,,,"prflRestingHeartRate ja:安静時心拍数;resting heart rate|||[]","RestingHeartRate ja:安静時心拍数;Resting Heart Rate","restingHeartRateVal=1 =|||ja:[]回/分;[] bpm","integer>30<200",,,,,,,,
,,,,,"prflFastingBloodSugar ja:空腹時血糖;fasting blood sugar|||[]","FastingBloodSugar ja:空腹時血糖;Fasting Blood Sugar| |","fastingBSVal=1 =|||[]mg/dL","integer>50<200",,,,,,,,
,,,,,"prflBodyFatPct ja:体脂肪率;body fat percentage|||[]","BodyFatPct ja:体脂肪率;Percent Body Fat","bodyFatPercentageVal=1 =|||[]%","decimal>0<100",,,,,,,,
,,,,,"prflAvgSleepHours ja:睡眠時間;sleep hours|||[]","AvgSleepHours ja:睡眠時間;Sleep Hours","avgSleepHoursVal=1 =|||ja:[]時間/日;[] hour/day","decimal>0<20",,,,,,,,
,,,,,"prflNumTeech ja:歯の本数;number of teeth|||[]","NumTeeth ja:歯の本数;Number of Teech","numTeethVal=1 =|||[]","nonNegativeInteger(32",,,,,,,,
,,,,,"prflStepLength ja:歩幅;step length|||[]","StepLength ja:歩幅;Step Length","stepLengthVal=1 =|||[]cm","integer>10<150",,,,,,,,
,,,,,"prflWalkingRunningSpeed ja:歩行走行速度;walking running speed|||[]","WalkingRunningSpeed ja:歩行走行速度;Walking Running Speed","walkingRunningSpeedVal=1 =|||ja:[]m/秒;[] m/sec","decimal>0",,,,,,,,
,,,,,"prflStepCount ja:歩数;step count|||[]","StepCount ja:歩数;Step Count","stepCountVal=1 =|||ja:[]/日;[]/day","nonNegativeInteger",,,,,,,,
,,,,,"prflGripStrength ja:握力;grip strength|||[]","GripStrength ja:握力;Grip Strength","gripStrengthVal=1 =|||[]kg","decimal>0<300",,,,,,,,
,,,,,"prflMuscleTraining ja:筋トレ;muscle training|||[]","MuscleTraining ja:筋トレ;Muscle Training","timesPerWeekVal=1 =|||ja:週[]回;[] times/week","nonNegativeInteger(7",,,,,,,,
,,,,,"prflStretching ja:ストレッチ;stretching|||[]","Stretching ja:ストレッチ;Stretching","timesPerWeekVal=1",,,,,,,,,
,,,,,"prflBalanceExercise ja:バランス運動;balance exercise|||[]","BalanceExercise ja:バランス運動;Balance Exercise","timesPerWeekVal=1",,,,,,,,,
,,,,,"prflSunBathing ja:日光を浴びる時間;sunbathing time|||[]","SunBathing ja:日光を浴びる時間","hoursPerDayVal=1 =|||ja:[]時間/日;[] hours/day","decimal)0(23",,,,,,,,
,,,,,"prflSmartphoneUse ja:スマートフォン使用時間;smartphone use|||[]","SmartphoneUse ja:スマートフォン使用時間;Smartphone Use Time","hoursPerDayVal=1",,,,,,,,,
,,,,,"prflPCuse ja:PC使用時間;PC use|||[]","PCuse ja:PC使用時間;PC Use","hoursPerDayVal=1",,,,,,,,,
,,,,,"prflSitting ja:座っている時間;sitting time|||[]","Sitting ja:座っている時間;Sitting Time","hoursPerDayVal=1",,,,,,,,,
,,,,,"prflDrinking ja:飲酒;drinking|||[]","Drinking ja:飲酒;Drinking","timesPerWeekVal=1",,,,,,,,,
,,,,,"prflSocialInteraction ja:社会的交流;social interaction|||[]","SocialInteraction ja:社会的交流;Social Interaction","timesPerWeekVal=1",,,,,,,,,
,,,,,"healthPurpose ja:健康上の目的;health purpose|||[]","_PRFLh0 ja:健康長寿;Healthy-Longevity",,,,,,,,,,
,,,,,,"_PRFLh1 ja:ダイエット;Weight-Loss",,,,,,,,,,
,,,,,,"_PRFLh3 ja:性生活の充実;Fulfilling-Sex-Life",,,,,,,,,,
,,,,,,"_PRFLh5 ja:筋力の向上;Improved-Muscle-Strength",,,,,,,,,,
,,,,,,"_PRFLh6 ja:柔軟性の向上;Improved-Flexibility",,,,,,,,,,
,,,,,,"_PRFLh7 ja:心肺機能の向上;Improved-Cardiorespiratory-Fitness",,,,,,,,,,
,,,,,,"_PRFLh8 ja:フレイル予防;Frailty-Prevention",,,,,,,,,,
,,,,,,"_PRFLh9 ja:認知機能の維持・向上;Maintainance/Improvement-of-Cognitive-Function",,,,,,,,,,
,,,,,,"_PRFLha ja:骨密度の維持・向上;Maintainance/Improvement-of-Bone-Density",,,,,,,,,,
,,,,,,"_PRFLhb ja:視力の維持・改善;Maintainance/Improvement-of-Eyesight",,,,,,,,,,
,,,,,,"_PRFLhc ja:聴力の維持・改善;Maintainance/Improvement-of-Hearing",,,,,,,,,,
,,,,,,"_PRFLhe ja:腰痛・肩こりの改善;Relief-of-Back-Pain-and-Shoulder-Stiffness",,,,,,,,,,
,,,,,,"_PRFLhg ja:消化機能の向上;Improved-Digestive-Function",,,,,,,,,,
,,,,,,"_PRFLhf ja:記憶力・集中力の向上;Improved-Memory-and-Concentration",,,,,,,,,,
,,,,,,"_PRFLhi ja:精神力の向上;Improved-Mental-Resilience",,,,,,,,,,
,,,,,,"_PRFLhd ja:メンタルヘルスの向上;Improved-Mental-Health",,,,,,,,,,
,,,,,,"_PRFLhh ja:良好な人間関係の構築;Build-Good-Relationships",,,,,,,,,,
,,,,,,"_PRFLhj ja:子育て;Childcare",,,,,,,,,,
,,,,,"healthStatus ja:健康状態;health status|||[]","_prflH ja:健康状態;health status|||[]","_prflHO ja:便秘がち;Tend-to-have-loose-stools",,,,,,,,,
,,,,,,,"_prflHP ja:下痢ぎみ;Tend-to-have-diarrhea",,,,,,,,,
,,,,,,,"_prflHQ ja:トイレで強くいきむことが多い;Often-strain-hard-on-the-toilet",,,,,,,,,
,,,,,,,"_prflHY ja:よく朝食後にトイレに行く;Often-go-to-the-toilet-after-breakfast",,,,,,,,,
,,,,,,,"_prflHR ja:食事の時間が不規則;Meal-times-are-irregular",,,,,,,,,
,,,,,,,"_prflHS ja:朝食を抜きがち;Tend-to-skip-breakfast",,,,,,,,,
,,,,,,,"_prflHT ja:外食が多い;Often-eat-out",,,,,,,,,
,,,,,,,"_prflHU ja:間食が多い;Snack-frequently",,,,,,,,,
,,,,,,,"_prflHV ja:辛い食べ物が好き;Like-spicy-foods",,,,,,,,,
,,,,,,,"_prflH0c ja:魚をよく食べる;Often-eat-fish",,,,,,,,,
,,,,,,,"_prflH0d ja:野菜をよく食べる;Often-eat-vegetables",,,,,,,,,
,,,,,,,"_prflH0e ja:果物をよく食べる;Often-eat-fruit",,,,,,,,,
,,,,,,,"_prflH0f ja:牡蠣など生ものを好む;Prefer-raw-foods-like-oysters",,,,,,,,,
,,,,,,,"_prflH0g ja:お菓子をよく食べる;Often-eat-sweets",,,,,,,,,
,,,,,,,"_prflH0h ja:胸やけしやすい;Prone-to-heartburn",,,,,,,,,
,,,,,,,"_prflHZ ja:胃もたれしやすい;Prone-to-indigestion",,,,,,,,,
,,,,,,,"_prflH0 ja:食が細い;Small-appetite",,,,,,,,,
,,,,,,,"_prflH1 ja:早食い;Eat-quickly",,,,,,,,,
,,,,,,,"_prflHW ja:水をよく飲む;Drink-a-lot-of-water",,,,,,,,,
,,,,,,,"_prflH2 ja:コーヒーをよく飲む;Often-drink-coffee",,,,,,,,,
,,,,,,,"_prflHX ja:甘い飲み物を好む;Prefer-sweet-drinks",,,,,,,,,
,,,,,,,"_prflI3 ja:炭酸飲料をよく飲む;Often-drink-fizzy-drinks",,,,,,,,,
,,,,,,,"_prflH3 ja:豆類を食べると腹が張りやすい;Tend-to-feel-bloated-after-eating-legumes",,,,,,,,,
,,,,,,,"_prflH0i ja:乳製品で腹をこわしやすい;Dairy-often-upsets-my-stomach",,,,,,,,,
,,,,,,,"_prflH4 ja:腹部の膨満感がある;Have-abdominal-bloating",,,,,,,,,
,,,,,,,"_prflH5 ja:夜中に目が覚めてしまう;Often-wake-up-during-the-night",,,,,,,,,
,,,,,,,"_prflH6 ja:寝付きが悪い;Have-trouble-falling-asleep",,,,,,,,,
,,,,,,,"_prflH7 ja:眠りが浅い;Sleep-lightly",,,,,,,,,
,,,,,,,"_prflH8 ja:昼間に強い眠気がある;Feel-very-sleepy-during-the-day",,,,,,,,,
,,,,,,,"_prflH9 ja:午後2～4時に眠くなる;Get-sleepy-between-2~4-pm",,,,,,,,,
,,,,,,,"_prflHa ja:食後に眠くなる;Get-sleepy-after-meals",,,,,,,,,
,,,,,,,"_prflHb ja:いびきをかくことが多い;Often-snore",,,,,,,,,
,,,,,,,"_prflHc ja:夜勤や夜更かしが多い;Often-work-nights-or-stay-up-late",,,,,,,,,
,,,,,,,"_prflHd ja:早起きが苦手;Not-good-at-getting-up-early",,,,,,,,,
,,,,,,,"_prflHe ja:定期的に運動する;Exercise-regularly",,,,,,,,,
,,,,,,,"_prflHf ja:運動不足;Lack-exercise",,,,,,,,,
,,,,,,,"_prflH00 ja:よく息切れする;Often-get-short-of-breath",,,,,,,,,
,,,,,,,"_prflHg ja:筋肉のけいれん（こむら返り）が起きやすい;Prone-to-muscle-cramps-(charley-horse)",,,,,,,,,
,,,,,,,"_prflHh ja:立ち仕事で足が疲れやすい;Legs-tire-easily-from-standing-work",,,,,,,,,
,,,,,,,"_prflHi ja:デスクワークが多い;Do-a-lot-of-desk-work",,,,,,,,,
,,,,,,,"_prflHj ja:体型にコンプレックスがある;Self-conscious-about-body-shape",,,,,,,,,
,,,,,,,"_prflHk ja:姿勢が悪い;Poor-posture",,,,,,,,,
,,,,,,,"_prflHl ja:体が硬い;Inflexible-body",,,,,,,,,
,,,,,,,"_prflHm ja:靴の外側ばかりが減る;Outer-edges-of-my-shoes-wear-out-quickly",,,,,,,,,
,,,,,,,"_prflI2 ja:ふらつきやすい;Feeling-unsteady",,,,,,,,,
,,,,,,,"_prflHn ja:肩が凝る;Stiff-shoulders",,,,,,,,,
,,,,,,,"_prflH0l ja:腰が痛い;Lower-back-pain",,,,,,,,,
,,,,,,,"_prflHo ja:腹が出ている;Protruding-belly",,,,,,,,,
,,,,,,,"_prflHp ja:家の中でつまづきやすくなった;Have-become-prone-to-tripping-at-home",,,,,,,,,
,,,,,,,"_prflHq ja:座ったときつい脚を組んでしまう;Tend-to-cross-my-legs-when-seated",,,,,,,,,
,,,,,,,"_prflHr ja:PC作業で目がかすむ;Eyes-get-blurry-with-PC-work",,,,,,,,,
,,,,,,,"_prflH09 ja:近視;Nearsighted",,,,,,,,,
,,,,,,,"_prflH0a ja:遠視;Farsighted",,,,,,,,,
,,,,,,,"_prflH0b ja:老眼;Presbyopia",,,,,,,,,
,,,,,,,"_prflHs ja:ドライアイ気味;Tend-to-have-dry-eyes",,,,,,,,,
,,,,,,,"_prflHv ja:冷え症;Sensitive-to-cold",,,,,,,,,
,,,,,,,"_prflHw ja:手指が冷える;Cold-hands/fingers",,,,,,,,,
,,,,,,,"_prflHx ja:口呼吸になりがち;Tend-to-mouth-breathe",,,,,,,,,
,,,,,,,"_prflHy ja:口臭が気になる;Concerned-about-bad-breath",,,,,,,,,
,,,,,,,"_prflHz ja:口の中が乾きやすい;Mouth-tends-to-get-dry",,,,,,,,,
,,,,,,,"_prflH02 ja:喫煙している;Currently-smoke",,,,,,,,,
,,,,,,,"_prflHA ja:爪が割れやすいまたは二枚爪になる;Nails-break-easily-or-split",,,,,,,,,
,,,,,,,"_prflHB ja:月経があり妊娠可能;Menstruating-/-of-childbearing-potential",,,,,,,,,
,,,,,,,"_prflHC ja:音に敏感;Sensitive-to-sound",,,,,,,,,
,,,,,,,"_prflH0j ja:大音量の場によくいる;Often-in-loud-environments",,,,,,,,,
,,,,,,,"_prflH03 ja:耳鳴りがある;Have-tinnitus-(ringing-in-the-ears)",,,,,,,,,
,,,,,,,"_prflH04 ja:日常的にイヤホンを使う;Use-earphones-regularly",,,,,,,,,
,,,,,,,"_prflH0k ja:大音量の場によくいる;Often-in-loud-environments",,,,,,,,,
,,,,,,,"_prflH05 ja:都市部に住む;Live-in-an-urban-area",,,,,,,,,
,,,,,,,"_prflHD ja:人前で話すときなどに緊張しやすい;Get-nervous-when-speaking-in-public",,,,,,,,,
,,,,,,,"_prflHE ja:人に会うのがおっくう;Reluctant-to-meet-people",,,,,,,,,
,,,,,,,"_prflH08 ja:日中に人と話す機会が少ない;Few-opportunities-to-talk-to-people-during-the-day",,,,,,,,,
,,,,,,,"_prflHF ja:物忘れ・忘れものが多い;Forgetful-/-often-misplace-things",,,,,,,,,
,,,,,,,"_prflHG ja:集中力が続かない;Have-trouble-sustaining-concentration",,,,,,,,,
,,,,,,,"_prflI1 ja:時間に余裕がない;Don't-have-much-time",,,,,,,,,
,,,,,,,"_prflHH ja:イライラしやすい;Irritable",,,,,,,,,
,,,,,,,"_prflH06 ja:ストレスを感じやすい;Prone to feeling stressed",,,,,,,,,
,,,,,,,"_prflI0 ja:家族と過ごす時間が少ない;Little-time-to-spend-with-family",,,,,,,,,
,,,,,,,"_prflHI ja:孤独を感じやすい;Prone-to-loneliness",,,,,,,,,
,,,,,,,"_prflHJ ja:不安を感じやすい;Prone to feeling anxious",,,,,,,,,
,,,,,,,"_prflHK ja:気分が落ち込みがち;Tend-to-feel-down",,,,,,,,,
,,,,,,,"_prflHL ja:ついネガティブなことを考えてしまう;Tend-to-dwell-on-negative-things",,,,,,,,,
,,,,,,,"_prflH07 ja:あまり外出しない;Rarely-go-out",,,,,,,,,
,,,,,,,"_prflHM ja:生活が退屈;Life-feels-boring",,,,,,,,,
,,,,,,,"_prflHN ja:笑う機会が少ない;Few-chances-to-laugh",,,,,,,,,
,,,,,"prflInterestingCategory ja:興味のあるカテゴリ;interesting category|||[]","_PRFLserviceCategory ja:カテゴリ;category| |","_PRFLshopping ja:買物;Shopping","_PRFLfood ja:食品;food","_PRFLfruitAndVeg ja:青果;Fruit-and-Vegetable",,,,,,,
,,,,,,,,,"_PRFLmeat ja:精肉;Meat",,,,,,,
,,,,,,,,,"_PRFLfish ja:鮮魚;Fish",,,,,,,
,,,,,,,,,"_PRFLdeli ja:総菜;Deli",,,,,,,
,,,,,,,,,"_PRFLbread ja:パン;Bread",,,,,,,
,,,,,,,,,"_PRFLconfectionery ja:菓子;Confectionery",,,,,,,
,,,,,,,,,"_PRFLprocessedFood ja:加工食品;Processed-Food",,,,,,,
,,,,,,,,"_PRFLclothing ja:衣類;Clothing",,,,,,,,
,,,,,,,,"_PRFLdailyGoods ja:日用品;Daily-Goods",,,,,,,,
,,,,,,,,"_PRFLdrug ja:薬;drug",,,,,,,,
,,,,,,,,"_PRFLelecGoods ja:電化製品;Electronic-Goods",,,,,,,,
,,,,,,,"_PRFLcooking ja:料理;Cooking",,,,,,,,,
,,,,,,,"_PRFLrestaurant ja:レストラン;Restaurant",,,,,,,,,
,,,,,,,"_PRFLaccommodation ja:宿泊;Accommodation",,,,,,,,,
,,,,,,,"_PRFLtourism ja:観光;Tourism",,,,,,,,,
,,,,,,,"_PRFLtransportation ja:交通;Transportation",,,,,,,,,
,,,,,,,"_PRFLlogistics ja:物流・郵便;Logistics&Post",,,,,,,,,
,,,,,,,"_PRFLenergy ja:エネルギー・水道;Energy&Water",,,,,,,,,
,,,,,,,"_PRFLed ja:教育・進学;Education",,,,,,,,,
,,,,,,,"\_PRFLjobs ja:就職・求人;Employment&Jobs",,,,,,,,,
,,,,,,,"_PRFLchild ja:育児;Childcare",,,,,,,,,
,,,,,,,"_PRFL2 ja:医療・福祉;Healthcare&Welfare",,,,,,,,,
,,,,,,,"_PRFLrealEstate ja:不動産・建築;Real-Estate&Construction",,,,,,,,,
,,,,,,,"_PRFLdisasterCrime ja:防災・防犯;Disaster&Crime-Prevention",,,,,,,,,
,,,,,,,"_PRFeventsCourses ja:イベント・講座;Events&Courses",,,,,,,,,
,,,,,,,"_PRFLsports ja:スポーツ;Sports",,,,,,,,,
,,,,,,,"_PRFLcultureArt ja:文化・芸術;Culture&Art",,,,,,,,,
,,,,,,,"_PRFLindustry ja:産業;Industry",,,,,,,,,
,,,,,"prflUninterestingCategory ja:興味のないカテゴリ;uninteresting category|||[]","_PRFLserviceCategory",,,,,,,,,,
,,,,,"prflInterestingSender ja:興味のある発信者;interesting sender|||[]","string",,,,,,,,,,
,,,,,"prflUninterestingSender ja:興味のない発信者;uninteresting sender|||[]","string",,,,,,,,,,
,,,"Spouse ja:配偶者;Spouse",,,,,,,,,,,,,
,,,"Parent ja:親;Parent",,,,,,,,,,,,,
,,,"Child ja:子;child",,,,,,,,,,,,,
,,,"Sibling ja:兄弟姉妹;Sibling",,,,,,,,,,,,,
,,,"Support ja:扶養;Support",,,,,,,,,,,,,
,,,"Friend ja:友達;Friend",,,,,,,,,,,,,
,,"Affiliation",,,,,,,,,,,,,,
,,"Position",,,,,,,,,,,,,,
,,"Telephone",,,,,,,,,,,,,,
,,"Fax",,,,,,,,,,,,,,
,,"Email",,,,,,,,,,,,,,
,,"URL",,,,,,,,,,,,,,
,,"Certificate",,,,,,,,,,,,,,
,,"Role",,,,,,,,,,,,,,
,,"SelfIntroduction",,,,,,,,,,,,,,
,,"Disease",,,,,,,,,,,,,,
,,"Injury",,,,,,,,,,,,,,
,,"Allergy",,,,,,,,,,,,,,
,,"Vaccination",,,,,,,,,,,,,,
,,"Height",,,,,,,,,,,,,,
,,"Waist",,,,,,,,,,,,,,
,,"Weight",,,,,,,,,,,,,,
,,"BMI",,,,,,,,,,,,,,
,,"BloodPressure ",,,,,,,,,,,,,,
,,"RestingHeartRate",,,,,,,,,,,,,,
,,"FastingBloodSugar",,,,,,,,,,,,,,
,,"BodyFatPct",,,,,,,,,,,,,,
,,"AvgSleepHours",,,,,,,,,,,,,,
,,"NumTeeth",,,,,,,,,,,,,,
,,"StepLength ",,,,,,,,,,,,,,
,,"WalkingRunningSpeed ",,,,,,,,,,,,,,
,,"StepCount",,,,,,,,,,,,,,
,,"GripStrength",,,,,,,,,,,,,,
,,"MuscleTraining",,,,,,,,,,,,,,
,,"SunBathing",,,,,,,,,,,,,,
,,"SmartphoneUse",,,,,,,,,,,,,,
,,"PCuse",,,,,,,,,,,,,,
,,"Sitting",,,,,,,,,,,,,,
,,"Drinking",,,,,,,,,,,,,,
,,"SocialInteraction",,,,,,,,,,,,,,
,,"\InterestingCategory",,,,,,,,,,,,,,
,,"\UninterestingCategory",,,,,,,,,,,,,,
,,"\InterestingSender",,,,,,,,,,,,,,
,,"\UninterestingSender",,,,,,,,,,,,,,
,,"VC VC|Verifiable Credential","cnt=1","\後でPersonに入れる? Certificateで良い?",,,,,,,,,,,,
,,"VP VP|Verifiable Presentation","cnt=1",,,,,,,,,,,,,
,,"PlaceName",,,,,,,,,,,,,,
,,"Address",,,,,,,,,,,,,,
"RareEvent ja:希少事象;Rare Event","Profile",,,,,,,,,,,,,,,
"PRFLsingular ja:単一事象;Singular Event|ja:各時刻において各クラスのインスタンスが1つだけ成立;Just one instance of each class hold at each time.","begin=1",,,,,,,,,,,,,,,
,"Gender",,,,,,,,,,,,,,,
,"ABObloodType",,,,,,,,,,,,,,,
,"Height",,,,,,,,,,,,,,,
,"Waist",,,,,,,,,,,,,,,
,"Weight",,,,,,,,,,,,,,,
,"BMI",,,,,,,,,,,,,,,
,"BloodPressure ",,,,,,,,,,,,,,,
,"RestingHeartRate",,,,,,,,,,,,,,,
,"FastingBloodSugar",,,,,,,,,,,,,,,
,"BodyFatPct",,,,,,,,,,,,,,,
,"AvgSleepHours",,,,,,,,,,,,,,,
,"NumTeeth",,,,,,,,,,,,,,,
,"StepLength ",,,,,,,,,,,,,,,
,"WalkingRunningSpeed ",,,,,,,,,,,,,,,
,"StepCount",,,,,,,,,,,,,,,
,"GripStrength",,,,,,,,,,,,,,,
,"MuscleTraining",,,,,,,,,,,,,,,
,"SunBathing",,,,,,,,,,,,,,,
,"SmartphoneUse",,,,,,,,,,,,,,,
,"PCuse",,,,,,,,,,,,,,,
,"Sitting",,,,,,,,,,,,,,,
,"Drinking",,,,,,,,,,,,,,,
,"SocialInteraction",,,,,,,,,,,,,,,
"PRFLtop","Person",,,,,,,,,,,,,,,
,"Place",,,,,,,,,,,,,,,
"CONDevent","condEventTime=1 ja:日時;time|||[]","CONDeventTime ja:日時;Time|%||ja: ([%condPeriodBegin]{~[%condPeriodEnd]}{[%condPeriodAndEvent]});({ [%condPeriodAndEvent] }[%condPeriodBegin]{~[%condPeriodEnd]})","condPeriodBegin=1 ja:日時(期間開始);time (begin)|||[]","CONDdateTIME ?|%||{[%condDateTime]}","_CONDnow! ja:現在;Now",,,,,,,,,,,
,,,,,"_CONDpast ja:過去;Past",,,,,,,,,,,
,,,,,"CONDdt ja:具体的日時;Concrete Date Time|%|","condDateTime=1 ja:具体的日時;concrete date time|%||[]","dateTime",,,,,,,,,
,,,"condPeriodEnd)0(1 ja:期間終了;period end||ja:未指定の場合は期間開始と等しい;equals to the begin when unspecified|[]","CONDdateT ?|||{[%condDateTime]}","_CONDnow",,,,,,,,,,,
,,,,,"CONDdt",,,,,,,,,,,
,"condVar(1 ja:変項;variable","string",,,,,,,,,,,,,,
,"CONDbirth",,,,,,,,,,,,,,,
,"CONDgender",,,,,,,,,,,,,,,
,"CONDnationality",,,,,,,,,,,,,,,
,"CONDpersonalRelation",,,,,,,,,,,,,,,
,"CONDaffiliation",,,,,,,,,,,,,,,
,"CONDposition",,,,,,,,,,,,,,,
,"CONDdisease",,,,,,,,,,,,,,,
,"CONDinjury",,,,,,,,,,,,,,,
,"CONDallergy",,,,,,,,,,,,,,,
,"CONDvaccination",,,,,,,,,,,,,,,
,"CONDheight",,,,,,,,,,,,,,,
,"CONDwaist",,,,,,,,,,,,,,,
,"CONDweight",,,,,,,,,,,,,,,
,"CONDbMI",,,,,,,,,,,,,,,
,"CONDbloodPressure ",,,,,,,,,,,,,,,
,"CONDrestingHeartRate",,,,,,,,,,,,,,,
,"CONDfastingBloodSugar",,,,,,,,,,,,,,,
,"CONDbodyFatPct",,,,,,,,,,,,,,,
,"CONDavgSleepHours",,,,,,,,,,,,,,,
,"CONDnumTeeth",,,,,,,,,,,,,,,
,"CONDstepLength ",,,,,,,,,,,,,,,
,"CONDwalkingRunningSpeed ",,,,,,,,,,,,,,,
,"CONDstepCount",,,,,,,,,,,,,,,
,"CONDgripStrength",,,,,,,,,,,,,,,
,"CONDmuscleTraining",,,,,,,,,,,,,,,
,"CONDstretching",,,,,,,,,,,,,,,
,"CONDbalanceExercise",,,,,,,,,,,,,,,
,"CONDsunBathing",,,,,,,,,,,,,,,
,"CONDsmartphoneUse",,,,,,,,,,,,,,,
,"CONDpCuse",,,,,,,,,,,,,,,
,"CONDsitting",,,,,,,,,,,,,,,
,"CONDdrinking",,,,,,,,,,,,,,,
,"CONDsocialInteraction",,,,,,,,,,,,,,,
,"CONDcertificate",,,,,,,,,,,,,,,
,"CONDrole",,,,,,,,,,,,,,,
,"CONDselfIntroduction",,,,,,,,,,,,,,,
"CONDliteral","CONDdecimal",,,,,,,,,,,,,,,
"]R Profile ja:プロフィール;Profile",,,,,,,,,,,,,,,,
"_PRFLshopping R",,,,,,,,,,,,,,,,
"ANCM31 R",,,,,,,,,,,,,,,,
"prflPlrID n",,,,,,,,,,,,,,,,
